nb_vert,h,err
16,0.29619219587722484,0.0004216500522793619
32,0.1433188044567221,4.827175033953241e-05
64,0.07052195139934005,5.76761964824456e-06
128,0.03498333022172013,7.045647686335913e-07
256,0.017423070345719664,8.705433726721482e-08
