nb_vert,h,err
16,0.29619219587722484,8.263549830126425e-05
32,0.1433188044567221,2.0559838663873077e-05
64,0.07052195139934005,5.053140702634311e-06
128,0.03498333022172013,1.2480569181773576e-06
256,0.017423070345719664,3.0993937413185533e-07
