nb_vert,h,err
10,0.49365365979537407,0.0001989147023329812
15,0.31734878129702676,3.288863283775163e-05
20,0.23383594411359887,9.523667289346399e-06
25,0.18512012242326567,3.7052208830646343e-06
30,0.15320285993649607,1.7283389853727067e-06
