nb_vert,h,err
16,0.29619219587722484,4.3919690357248485e-06
32,0.1433188044567221,5.092614611826498e-07
64,0.07052195139934005,6.101497177683698e-08
128,0.03498333022172013,7.45943271157775e-09
256,0.017423070345719664,9.462583504397827e-10
