nb_vert,h,err
16,0.29619219587722484,2.4843414737870795e-05
32,0.1433188044567221,1.3215304123047554e-06
64,0.07052195139934005,7.67478905601599e-08
128,0.03498333022172013,4.634840071831725e-09
256,0.017423070345719664,3.646650175851512e-10
