nb_vert,h,err
10,0.49365365979537407,0.001919120801550781
15,0.31734878129702676,0.0005177040198190674
20,0.23383594411359887,0.00020847936808505573
25,0.18512012242326567,0.00010378101648491806
30,0.15320285993649607,5.893321537084659e-05
