nb_vert,h,err
10,0.49365365979537407,0.02625650650401986
15,0.31734878129702676,0.011847704249102498
20,0.23383594411359887,0.006624591002709854
25,0.18512012242326567,0.0042071236387453735
30,0.15320285993649607,0.0029018072804236498
