nb_vert,h,err
10,0.49365365979537407,0.00010069805013850304
15,0.31734878129702676,1.663439790258654e-05
20,0.23383594411359887,4.814238172668371e-06
25,0.18512012242326567,1.8724587804953178e-06
30,0.15320285993649607,8.732875251579378e-07
