nb_vert,h,err
10,0.49365365979537407,0.01294562800736699
15,0.31734878129702676,0.005865070662979787
20,0.23383594411359887,0.0032837146452640922
25,0.18512012242326567,0.00208661828905389
30,0.15320285993649607,0.0014396576036060423
