nb_vert,h,err
10,0.49365365979537407,0.0009558555596209935
15,0.31734878129702676,0.00025783373739954877
20,0.23383594411359887,0.00010383689715034943
25,0.18512012242326567,5.1692601366808224e-05
30,0.15320285993649607,2.9355155190828202e-05
