nb_vert,h,err
16,0.29619219587722484,3.8194791385379635e-07
32,0.1433188044567221,2.0681439432613345e-08
64,0.07052195139934005,1.196258178774248e-09
128,0.03498333022172013,1.0281801163639118e-10
256,0.017423070345719664,2.1165384472371049e-10
