nb_vert,h,err
16,0.16663035129479017,1.0283551758729669e-06
32,0.08691933730437637,6.664205208503004e-08
64,0.04347038548979546,3.695798395465203e-09
