nb_vert,h,err
16,0.16663035129479017,0.00011665676217769618
32,0.08691933730437637,3.286434176082937e-05
64,0.04347038548979546,8.302795249763744e-06
128,0.02197797091453632,2.1154052545766472e-06
256,0.010988924822874708,5.302598865989166e-07
