nb_vert,h,err
16,0.16663035129479017,2.7819420424333926e-05
32,0.08691933730437637,4.061464789940285e-06
64,0.04347038548979546,5.2967358768482e-07
128,0.02197797091453632,7.147878180263483e-08
256,0.010988924822874708,9.155193472551345e-09
