nb_vert,h,err
16,0.16663035129479017,0.00025323640607575093
32,0.08691933730437637,6.749571354733983e-05
64,0.04347038548979546,1.6285373204072037e-05
128,0.02197797091453632,4.193955691809541e-06
256,0.010988924822874708,1.0524192182017005e-06
