nb_vert,h,err
16,0.16663035129479017,0.00019632628385875657
32,0.08691933730437637,6.357683577630263e-05
64,0.04347038548979546,1.7111431338570763e-05
128,0.02197797091453632,4.482054303251909e-06
256,0.010988924822874708,1.1300611554358927e-06
