nb_vert,h,err
16,0.16663035129479017,0.052364199217897645
32,0.08691933730437637,0.013775303499275124
64,0.04347038548979546,0.003214367221741721
128,0.02197797091453632,0.0008350685087384134
256,0.010988924822874708,0.0002125952549680395
