nb_vert,h,err
16,0.29619219587722484,0.00020729931212916175
32,0.1433188044567221,2.3735716646725882e-05
64,0.07052195139934005,2.8361487020774464e-06
128,0.03498333022172013,3.4646509427443857e-07
256,0.017423070345719664,4.2808769512943445e-08
