nb_vert,h,err
16,0.29619219587722484,2.4633290548951424e-05
32,0.1433188044567221,1.310497638515353e-06
64,0.07052195139934005,7.61082476571725e-08
128,0.03498333022172013,4.596199849780738e-09
256,0.017423070345719664,3.5593994765557844e-10
