nb_vert,h,err
16,0.29619219587722484,0.0002132078460032563
32,0.1433188044567221,5.268568266850617e-05
64,0.07052195139934005,1.293787271960307e-05
128,0.03498333022172013,3.19492258815549e-06
256,0.017423070345719664,7.932186440202759e-07
