nb_vert,h,err
16,0.29619219587722484,0.010364987474762949
32,0.1433188044567221,0.002533448452343308
64,0.07052195139934005,0.0006196639917683759
128,0.03498333022172013,0.00015286014744556628
256,0.017423070345719664,3.793871140446897e-05
