nb_vert,h,err
16,0.29619219587722484,1.4087071676079175e-06
32,0.1433188044567221,7.659877618617398e-08
64,0.07052195139934005,4.431835488317503e-09
128,0.03498333022172013,2.769084725436498e-10
256,0.017423070345719664,2.2482296342585162e-10
