nb_vert,h,err
256,0.017423070345719664,7.831320269643484e-09
