nb_vert,h,err
16,0.09428090415820647,0.019625087106442732
32,0.045619792334616084,0.0057346371912122265
64,0.02244783432338254,0.0014865853030554827
128,0.01113553986120561,0.0003724523598956909
256,0.005545935538718157,9.28028446074616e-05
