nb_vert,h,err
16,0.09428090415820647,0.0019025123681623755
32,0.045619792334616084,0.00020911684382726698
64,0.02244783432338254,2.4510027944491967e-05
128,0.01113553986120561,2.977428888362465e-06
256,0.005545935538718157,3.673584164994331e-07
