nb_vert,h,err
16,0.09428090415820647,0.00030721336720159533
32,0.045619792334616084,1.8169737291391356e-05
64,0.02244783432338254,1.3460196869567673e-06
128,0.01113553986120561,1.8320445461406615e-07
256,0.005545935538718157,3.4059193202818664e-08
