nb_vert,h,err
16,0.09428090415820647,0.03757888140723778
32,0.045619792334616084,0.009768313628387058
64,0.02244783432338254,0.002436969713073936
128,0.01113553986120561,0.0006043052765974462
256,0.005545935538718157,0.00015018068418108557
