nb_vert,h,err
16,0.09428090415820647,0.0002572767662004924
32,0.045619792334616084,1.5196757776236308e-05
64,0.02244783432338254,1.2221463633640326e-06
128,0.01113553986120561,1.8006250171975373e-07
256,0.005545935538718157,3.399697638644665e-08
