nb_vert,h,err
16,0.09428090415820647,0.00022409947165012852
32,0.045619792334616084,1.169721043813311e-05
64,0.02244783432338254,6.614356749964248e-07
128,0.01113553986120561,3.968620849749259e-08
256,0.005545935538718157,2.464536421797096e-09
