nb_vert,h,err
16,0.09428090415820647,0.0017151062000864321
32,0.045619792334616084,0.0001908474306081831
64,0.02244783432338254,2.212089975277756e-05
128,0.01113553986120561,2.6754349944517616e-06
256,0.005545935538718157,3.312624064032063e-07
