nb_vert,h,err
16,0.09428090415820647,0.030053096103490346
32,0.045619792334616084,0.007737962153652496
64,0.02244783432338254,0.0019209863195917324
128,0.01113553986120561,0.0004756863882877126
256,0.005545935538718157,0.00011817451298555883
