method,Corr,Corr
n_vert,20,40
h,0.07,0.04
0,0.004407696111628518,0.0016121913862211683
1,0.06335295656783232,0.029975859173760364
2,0.0008786080003134161,0.00022610420523113856
3,0.0007582613084513491,0.00018711553213382739
4,0.009444335932202374,0.002792717864895196
