nb_vert,h,err,times,mesh,assemble,solve
8,0.6346975625940523,0.23717748036039923,0.08566808700561523,0.00015735626220703125,0.0849161148071289,0.0005946159362792969
16,0.29619219587722484,0.059473317626024126,0.3766913414001465,4.172325134277344e-05,0.3761000633239746,0.0005495548248291016
32,0.1433188044567221,0.014375650371978816,1.6173880100250244,7.677078247070312e-05,1.613973617553711,0.0033376216888427734
64,0.07052195139934005,0.0035068637053694276,6.590468883514404,0.00020742416381835938,6.579207181930542,0.011054277420043945
128,0.03498333022172013,0.0008645248264740552,26.973255157470703,0.0007832050323486328,26.930355072021484,0.04211688041687012
