method,PINNs,PINNs
n_vert,20,40
h,0.13,0.07
0,0.005716269853748618,0.00573982511660226
