method,PINNs,PINNs
n_vert,20,40
h,0.13,0.07
0,0.002053889655558615,0.002052771414339681
