nb_vert,h,err
16,0.06666666666666676,0.0016182311344953278
32,0.032258064516129115,0.00042228136558668326
64,0.015873015873015928,0.00010493152643872294
128,0.007874015748031593,2.5982238375883814e-05
256,0.0039215686274510775,6.45455012205969e-06
