nb_vert,h,err
16,0.06666666666666676,0.0022810608722735035
32,0.032258064516129115,0.0007500140828678534
64,0.015873015873015928,0.0002088404612760711
128,0.007874015748031593,5.303301572970201e-05
256,0.0039215686274510775,1.3254625475873872e-05
