nb_vert,h,err
16,0.06666666666666676,0.0022295097385038824
32,0.032258064516129115,0.0007686518270379274
64,0.015873015873015928,0.00021674117350230283
128,0.007874015748031593,5.5287183797963083e-05
256,0.0039215686274510775,1.3834155568550395e-05
