nb_vert,h,err
16,0.06666666666666676,0.001464271040971848
32,0.032258064516129115,0.0005780667320023456
64,0.015873015873015928,0.00016227804554659573
128,0.007874015748031593,4.1295766585272715e-05
256,0.0039215686274510775,1.0326474337263633e-05
