method,PINNs,PINNs
n_vert,20,40
h,0.13,0.07
0,0.025831062609229644,0.025992498242032733
