nb_vert,h,err
16,0.1666302467485555,0.09831552395293605
