nb_vert,h,err
16,0.1666302467485555,0.09411408574388407
32,0.08694671112404881,0.0240192014311367
64,0.043476071300047735,0.009730626231267405
128,0.021977442177492472,0.004220705605502132
256,0.010988780934080039,0.003913781077916319
