method,PINNs,PINNs
n_vert,20,40
h,0.13,0.07
0,0.004640912665023751,0.004615223462650404
