method,PINNs,PINNs
n_vert,20,40
h,0.13,0.07
0,0.0005020715846570666,0.0005045462877495366
