nb_vert,h,err,times,mesh,assemble,solve
20,0.28638937330014047,0.061026815520559524,50.57336473464966,0.004235744476318359,50.284212827682495,0.2849161624908447
40,0.13952302801801728,0.015011096133543489,447.29987692832947,0.01421356201171875,442.29187631607056,4.993787050247192
80,0.06887845686965484,0.0036898010457549406,3677.9498069286346,0.1246802806854248,3673.0894651412964,4.735661506652832
90,0.06113930441239029,0.0029089212852329276,5202.44771695137,0.1927952766418457,5195.495839357376,6.759082317352295
100,0.054963617098007934,0.0023519239014755887,7221.285203456879,0.24456310272216797,7211.197880983353,9.842759370803833
