nb_vert,h,err,times,mesh
20,0.28638937330014047,,0.001249551773071289,0.001249551773071289
