method,PINNs,PINNs
n_vert,20,40
h,0.13,0.07
0,1.0137026430094418,1.0101457872601027
