method,PINNs,PINNs
n_vert,20,40
h,0.23,0.11
0,0.005453898709587608,0.0054538987095876425
