nb_vert,h,err
16,0.16663035129479017,2.7819420424329803e-05
32,0.08691933730437637,4.0614647769141215e-06
64,0.04347038548979546,5.296736621817873e-07
