nb_vert,h,err
16,0.16663035129479017,0.0001963262838667436
32,0.08691933730437637,6.357683577903752e-05
64,0.04347038548979546,1.711143137188561e-05
