nb_vert,h,err
16,0.16663035129479017,0.0006335908605563459
32,0.08691933730437637,0.00015678518559363424
64,0.04347038548979546,4.346785668770985e-05
128,0.02197797091453632,1.3591139486342269e-05
256,0.010988924822874708,7.584855214953463e-06
