facteurs,FEM/PINNs,FEM/PINNs,PINNs/Corr,PINNs/Corr,FEM/Corr,FEM/Corr
n_vert,20,40,20,40,20,40
h,0.23,0.11,0.23,0.11,0.23,0.11
"0 : 0.05,0.29",7.126221298642275,1.7253278626034179,36.07239052532644,145.70041233902342,257.05983765452305,251.38098100132393
"1 : 0.22,0.03",7.824457135675949,1.8944399907344536,33.96553636762787,137.4523382575831,265.7618833987469,260.39520641512473
"2 : 0.1,0.07",7.298786062242439,1.7672158224546262,37.29682883501685,151.6337592992227,272.22157446686293,267.96957865186266
"3 : 0.04,0.43",7.340469136653859,1.777068699135455,34.999141162963014,139.83373044652473,256.91011551612166,248.49414545986355
"4 : -0.08,-0.43",7.093750196846106,1.7173345542518492,39.80767573980009,160.40932597405492,282.3857076151928,275.4764783194932
"5 : 0.15,-0.41",6.447432528124721,1.5608377908541038,40.0623195966403,162.88972495203112,258.29910251950713,254.24443844696083
"6 : -0.06,-0.48",5.174088143332472,1.2525618761905886,47.83924264274469,194.22395700498205,247.52445814383054,243.27752398732054
"7 : 0.39,0.33",7.878149307436309,1.9071411338956819,30.9758552528046,123.06169438169073,244.0324126071299,234.6960193622215
"8 : 0.46,0.28",7.2467672143782424,1.7542648528966922,32.94875953312331,130.6565980181169,238.77199033907056,229.2062777022341
"9 : -0.12,0.37",9.677918799948483,2.3429771017337084,31.672817736359022,125.96812753423481,306.5269582180507,295.14043836098364
