method,Corr,Corr
n_vert,20,40
h,0.23,0.11
0,0.00014596412431798034,3.613768012429521e-05
1,0.0001417285300865551,3.502221645705454e-05
2,0.0001388047531519184,3.414132277481854e-05
3,0.0001448906837187913,3.626485166689834e-05
4,0.00013172667107441948,3.2689699159149275e-05
5,0.00014401958851144875,3.542125683385756e-05
6,0.0001498094960054245,3.689953052190667e-05
7,0.0001511916368780904,3.8056442200808336e-05
8,0.00015426306895356714,3.890179938014306e-05
9,0.00012176750680573662,3.061663394354109e-05
