nb_vert,h,err
10,0.49365365979537407,0.05679416919226869
15,0.31734878129702676,0.0419235457851188
20,0.23383594411359887,0.02869747915340495
25,0.18512012242326567,0.020096342853072775
30,0.15320285993649607,0.014633466818689218
