nb_vert,h,err
10,0.49365365979537407,0.057708562269436436
15,0.31734878129702676,0.015721440619806498
20,0.23383594411359887,0.0063850705580601
25,0.18512012242326567,0.003197366394698902
30,0.15320285993649607,0.0018233022356093634
