nb_vert,h,err
10,0.49365365979537407,0.029157603250477802
15,0.31734878129702676,0.007716793993238764
20,0.23383594411359887,0.0030903958042643636
25,0.18512012242326567,0.0015472379811219824
30,0.15320285993649607,0.000881195521233103
