nb_vert,h,err
10,0.49365365979537407,0.008232508931676865
15,0.31734878129702676,0.002159452530291376
20,0.23383594411359887,0.000455954754179659
25,0.18512012242326567,0.0001769496466351686
30,0.15320285993649607,8.17134142824878e-05
