nb_vert,h,err
16,0.29619219587722484,0.08365839076156664
32,0.1433188044567221,0.009773307576989534
64,0.07052195139934005,0.0011827782715671223
128,0.03498333022172013,0.00014507463345994983
256,0.017423070345719664,1.794420587567002e-05
