nb_vert,h,err
16,0.16663035129479017,6.7301018493585825e-06
32,0.08691933730437637,9.119803837221898e-07
64,0.04347038548979546,1.3820390029283466e-07
