nb_vert,h,err
16,0.16663035129479017,4.5721806422243135e-05
32,0.08691933730437637,1.239616789589932e-05
64,0.04347038548979546,3.1907300940770333e-06
128,0.02197797091453632,7.853609046279816e-07
256,0.010988924822874708,1.940215439387298e-07
