nb_vert,h,err
16,0.16663035129479017,3.77546191401314e-05
32,0.08691933730437637,1.1926760360391783e-05
64,0.04347038548979546,3.4743139370329225e-06
