nb_vert,h,err
16,0.16663035129479017,3.14966122432864e-07
32,0.08691933730437637,1.9472825220126203e-08
64,0.04347038548979546,1.269379571969918e-09
