nb_vert,h,err
16,0.16663035129479017,0.008422057362421402
32,0.08691933730437637,0.001220239786687407
64,0.04347038548979546,0.0003628726226669111
128,0.02197797091453632,0.00012592476876475546
256,0.010988924822874708,3.2130772723912376e-05
