nb_vert,h,err
16,0.1666302467485555,0.040712328834513214
32,0.08694671112404881,0.019071801764829203
64,0.043476071300047735,0.005984079704577478
128,0.021977442177492472,0.005047197444715738
256,0.010988780934080039,0.002570016121951374
