nb_vert,h,err
16,0.16660094771444728,1.8496793605418547e-05
32,0.08694977804807888,5.611854872590887e-06
64,0.04347576862597117,1.470726764217082e-06
128,0.021977593606715005,3.7784659597224257e-07
256,0.010988658015609403,9.621541895019445e-08
