nb_vert,h,err
16,0.29619219587722484,0.0004206040128272897
32,0.1433188044567221,1.573665627940681e-05
64,0.07052195139934005,1.2406167911421932e-06
128,0.03498333022172013,7.738782101604817e-08
256,0.017423070345719664,4.669849662706727e-09
