method,PINNs,PINNs
n_vert,20,40
h,0.13,0.07
0,0.00218265314826135,0.00218283928716985
