nb_vert,h,err
16,0.16660094771444728,9.89082359631935e-06
32,0.08694977804807888,2.1333110421081856e-06
64,0.04347576862597117,3.881910418644427e-07
128,0.021977593606715005,5.775591034166396e-08
256,0.010988658015609403,7.728675992108037e-09
