nb_vert,h,err
16,0.16660094771444728,5.6194905427608164e-05
32,0.08694977804807888,1.8260443538332413e-05
64,0.04347576862597117,4.956577884647879e-06
