nb_vert,h,err
16,0.16660094771444728,1.0053794935850519e-05
32,0.08694977804807888,1.161313028951184e-06
64,0.04347576862597117,5.987358846165181e-08
128,0.021977593606715005,3.90951330177749e-09
256,0.010988658015609403,2.664901103827112e-10
