nb_vert,h,err
16,0.16660094771444728,0.00012735067695893688
32,0.08694977804807888,2.5899968967812048e-05
64,0.04347576862597117,2.842557351647293e-06
128,0.021977593606715005,3.643287125653363e-07
256,0.010988658015609403,4.733660849588903e-08
