nb_vert,h,err
16,0.16660094771444728,0.006358630262057649
32,0.08694977804807888,0.0015362998285251474
64,0.04347576862597117,0.00038595400777288426
128,0.021977593606715005,9.906250226881571e-05
256,0.010988658015609403,2.4111139424274202e-05
